{
  "project_info": {
    "project_number": "628008874555",
    "firebase_url": "https://hsecmovil.firebaseio.com",
    "project_id": "hsecmovil",
    "storage_bucket": "hsecmovil.appspot.com"
  },
  "client": [
    {
      "client_info": {
        "mobilesdk_app_id": "1:628008874555:android:953924761bafaf06",
        "android_client_info": {
          "package_name": "com.pango.hsec.hsec"
        }
      },
      "oauth_client": [
        {
          "client_id": "628008874555-hge8nt2memd0218q4u9gp05fjqkbs5ro.apps.googleusercontent.com",
          "client_type": 3
        }
      ],
      "api_key": [
        {
          "current_key": "AIzaSyBssN-BgkLyKfP5-fswPWOKeSlB67E5WX8"
        }
      ],
      "services": {
        "analytics_service": {
          "status": 1
        },
        "appinvite_service": {
          "status": 1,
          "other_platform_oauth_client": []
        },
        "ads_service": {
          "status": 2
        }
      }
    }
  ],
  "configuration_version": "1"
}